Vaccinee,Inclusion,Gender,Age
2,1,F,43.6
3,1,F,48.5
4,1,M,47.1
6,1,F,44.3
7,1,M,38.3
8,1,M,43.4
10,1,F,33.2
11,1,F,39
13,1,F,45.9
14,1,M,36.3
17,1,F,26.5
18,1,M,43.3
19,1,M,41.3
20,1,F,48.7
21,1,F,27.2
22,1,F,22.3
23,1,F,43.9
24,1,F,47.7
25,1,F,22.6
26,1,F,41.2
28,1,F,41.7
29,1,M,39.5
30,1,F,45.1
31,1,M,32.4
32,1,F,31.4
33,1,F,41
34,1,M,22.5
35,1,F,50.2
36,1,F,23.2
38,1,F,23.2
39,1,M,45.8
40,1,F,21.3
41,1,M,21.6
42,1,M,22.7